"Flipit.com Plus magazine helps out all the consumers out there in every way possible";"The Flipit Plus magazine is a service that seeks to help out every kind of consumer in different departments of life, both on and offline "
"Terug naar de vorige pagina";"Back to previous page"
"save money with online discount codes and save pointers";"Save money with online discount coupons and saving tips"
"Searching for Coupons?";"Get ready...set..."
"Become a saving superstar&#33;";"Become a savvy smart shopper!"
"And get exclusive codes";"Start grabbing those exclusive codes"
"As seen in";"Check us out on... "
"Don&#39;t miss out on one of our shops, more the  10.000 in total!";"Here's a nifty list of some of our best shops on Flipit India, but there are at least 250 more! Let's start shopping, shall we? "
"Voucher Codes";"Coupon Codes"
"Coupon codes for similar stores";"Similar coupon codes for similar stores"
"Vouchers";"Coupons"
"deals verified by";"deals are verified by"
"Hello";"Hiya!"
"Follow us for the latest vaucher codes, plus a daily digest of our biggest offers";"Follow us to stay updated on the latest coupons, exclusives and a daily dose of deals and discounts"
"Follow us";"Be social and follow us"
"The Best of Flipit";"Flipit's Top Picks"
"10 million people";"10 million subscribers"
"Sign up for our newsletter and receive discounts inside your mailbox";"Sign up for free to receive weekly newsletters with discounts straight to your inbox. No spam, no hassle, just great deals! "
"All Popular Categories and Special Topics";"Popular Categories and Special Occasions "
"more";"Read more"
" magazine helps out all the consumers out there in every way possible""";"The Flipit Plus magazine is a service that seeks to help out every kind of consumer in different departments of life, both on and offline "
"We&#39;ve got a lot of them :)";"Flipit India with more than [offers] coupons!"
